{
    "airsoftmarket": 1709748283.0,
    "airsoftmarketcanada": 1709748230.0,
    "appleswap": 1712995273.0,
    "assistance": 1712994788.0,
    "avatartrading": 1712984763.0,
    "avexchange": 1712995248.0,
    "borrow": 1712994918.0,
    "canadianhardwareswap": 1712995022.0,
    "canadianknifeswap": 1712975321.0,
    "care": 1712977715.0,
    "cash4cash": 1712994972.0,
    "charity": 1712994678.0,
    "comicswap": 1712995318.0,
    "digitalcodesell": 1712993039.0,
    "discexchange": 1710432897.0,
    "disneypinswap": 1712991378.0,
    "donedirtcheap": 1712688056.0566072,
    "edcexchange": 1712983180.0,
    "food_pantry": 1712986892.0,
    "forhire": 1712995315.0,
    "funkoppopmod": 1711740423.0,
    "funkoswap": 1712961576.0,
    "gamesale": 1712994711.0,
    "gameswap": 1712985617.0,
    "gametrade": 1712961573.0,
    "garlicmarket": 1705885027.0,
    "gctrading": 1697857536.0,
    "gctrep": 1699292855.0,
    "gcxrep": 1687145095.0,
    "geartrade": 1712985370.0,
    "giftcardexchange": 1712993258.0,
    "giftofgames": 1712995153.0,
    "gofundme": 1712994625.0,
    "gunaccessoriesforsale": 1712994652.0,
    "hardwareswap": 1712994523.0,
    "hardwareswapuk": 1712961636.0,
    "hireagirlfriend": 1712770871.8639789,
    "hireawriter": 1712963128.0,
    "hockeyjerseys": 1712988983.0,
    "hutcoinsales": 1700590227.0,
    "igsrep": 1711733155.0,
    "indiegameswap": 1712989766.0,
    "knife_swap": 1712995279.0,
    "legomarket": 1712975106.0,
    "lolboosting": 1712995424.0,
    "mangaswap": 1712995269.0,
    "mcsplaystation": 1687271681.0,
    "mcsrep": 1687271681.0,
    "mcsxbox": 1687272519.0,
    "mechmarket": 1712995210.0,
    "miniswap": 1712992559.0,
    "mousemarket": 1712995054.0,
    "nba2kmtselling": 1700590185.0,
    "nbarep": 1700590190.0,
    "need": 1712977746.0,
    "overwatchboosting": 1712961597.0,
    "pen_swap": 1712985437.0,
    "phoneverification": 1712774255.8550124,
    "photomarket": 1712995280.0,
    "playingcardsmarket": 1712961598.0,
    "pmsforsale": 1712988129.0,
    "random_acts_of_amazon": 1712993483.0,
    "random_acts_of_pizza": 1712994855.0,
    "randomactsofchristmas": 1712961593.0,
    "randomactsofpetfood": 1712992985.0,
    "randomactsoftacobell": 1712977686.0,
    "randomkindness": 1712989155.0,
    "referral": 1712774445.7254045,
    "retrogameswap": 1712977687.0,
    "rocketleagueexchange": 1703789740.0,
    "sgsflair": 1711733194.0,
    "shave_bazaar": 1712977713.0,
    "signupsforpay": 1712992345.0,
    "slavelabour": 1712995365.0,
    "snackexchange": 1712992232.0,
    "starcitizen_trades": 1712995063.0,
    "steamgameswap": 1712992688.0,
    "thinkpadsforsale": 1712961566.0,
    "trade": 1686162219.0,
    "ulgeartrade": 1712978470.0,
    "universalscammerlist": 1712977736.0,
    "uvtrade": 1712992640.0,
    "vinylcollectors": 1712995431.0,
    "watchexchange": 1712995245.0,
    "watchexchangecanada": 1712987774.0,
    "ygomarketplace": 1710233300.0
}