{
    "funkoppopmod": 1664093010.455913,
    "funkoswap": 1664093009.962125
}