{
    "appleswap": 1664173391.0,
    "assistance": 1664115028.0,
    "avexchange": 1664174467.0,
    "borrow": 1664178689.0,
    "care": 1664168913.972088,
    "cash4cash": 1664170717.0,
    "charity": 1664175239.0,
    "comicswap": 1664176444.0,
    "digitalcodesell": 1664172394.0,
    "disneypinswap": 1664174441.0,
    "food_pantry": 1664168913.2533884,
    "forhire": 1664177422.0,
    "funkoppopmod": 1664165600.0,
    "funkoswap": 1664174678.0,
    "gamesale": 1664177152.0,
    "gameswap": 1664177151.0,
    "garlicmarket": 1664168913.9912527,
    "gctrep": 1664168913.703722,
    "gcxrep": 1664168913.2254305,
    "giftcardexchange": 1664177994.0,
    "gofundme": 1664176970.0,
    "gunaccessoriesforsale": 1664179246.0,
    "hardwareswapuk": 1664168913.1721098,
    "knife_swap": 1664178858.0,
    "legomarket": 1664177664.0,
    "lolboosting": 1664174072.0,
    "mcsplaystation": 1664174854.0,
    "mcsrep": 1664168913.2839296,
    "mcsxbox": 1664173449.0,
    "mousemarket": 1664173297.0,
    "need": 1664168913.2113445,
    "overwatchboosting": 1664168913.383387,
    "photomarket": 1664177937.0,
    "random_acts_of_pizza": 1664174870.0,
    "randomactsofpetfood": 1664168912.8541112,
    "randomkindness": 1664177588.0,
    "rocketleagueexchange": 1664171184.0,
    "sgsflair": 1664168910.478208,
    "slavelabour": 1664179251.0,
    "snackexchange": 1664169809.0,
    "starcitizen_trades": 1664179366.0,
    "steamgameswap": 1664175130.0,
    "thinkpadsforsale": 1664168912.6595223,
    "trade": 1664168913.9273674,
    "uvtrade": 1664172393.0,
    "vinylcollectors": 1664179360.0,
    "watchexchange": 1664179339.0
}