{
    "funkoppopmod": 1663984857.102049,
    "funkoswap": 1663984867.0247116
}