{
    "airsoftmarket": 1676102510.0,
    "airsoftmarketcanada": 1676102184.0,
    "appleswap": 1676095817.0,
    "assistance": 1676101645.0,
    "avatartrading": 1675956165.2888532,
    "avexchange": 1676102564.0,
    "borrow": 1676102598.0,
    "canadianhardwareswap": 1676096102.0,
    "care": 1676100519.0,
    "cash4cash": 1676095924.0,
    "charity": 1676101261.0,
    "comicswap": 1676097760.0,
    "digitalcodesell": 1676102451.0,
    "disneypinswap": 1676098220.0,
    "food_pantry": 1676100576.0,
    "forhire": 1676100603.0,
    "funkoppopmod": 1676087555.0,
    "funkoswap": 1676097695.0,
    "gamesale": 1676101584.0,
    "gameswap": 1676096390.0,
    "gametrade": 1676097211.0,
    "garlicmarket": 1676087499.0,
    "gctrading": 1676099880.0,
    "gctrep": 1676087554.0,
    "gcxrep": 1676087553.0,
    "giftcardexchange": 1676102593.0,
    "giftofgames": 1676102611.0,
    "gofundme": 1676101772.0,
    "gunaccessoriesforsale": 1676102595.0,
    "hardwareswapuk": 1676087558.0,
    "hutcoinsales": 1676087556.0,
    "igsrep": 1676087556.0,
    "indiegameswap": 1676100789.0,
    "knife_swap": 1676102259.0,
    "legomarket": 1676098452.0,
    "lolboosting": 1676087500.0,
    "mangaswap": 1676100974.0,
    "mcsplaystation": 1676087558.0,
    "mcsrep": 1676087560.0,
    "mcsxbox": 1676087560.0,
    "mechmarket": 1676102408.0,
    "miniswap": 1676098732.0,
    "mousemarket": 1676099505.0,
    "nba2kmtselling": 1676087557.0,
    "nbarep": 1676087560.0,
    "need": 1676100518.0,
    "overwatchboosting": 1676087556.0,
    "pen_swap": 1676099516.0,
    "photomarket": 1676101387.0,
    "playingcardsmarket": 1676087545.0,
    "pmsforsale": 1676096401.0,
    "random_acts_of_amazon": 1676101417.0,
    "random_acts_of_pizza": 1676101898.0,
    "randomactsofchristmas": 1676087500.0,
    "randomactsofpetfood": 1676100570.0,
    "randomkindness": 1676100576.0,
    "retrogameswap": 1676032387.4305055,
    "rocketleagueexchange": 1676100687.0,
    "sgsflair": 1676087556.0,
    "signupsforpay": 1676099846.0,
    "slavelabour": 1676101020.0,
    "snackexchange": 1676102459.0,
    "starcitizen_trades": 1676100657.0,
    "steamgameswap": 1676091927.0,
    "thinkpadsforsale": 1676096967.0,
    "trade": 1676098824.0,
    "universalscammerlist": 1676100559.0,
    "uvtrade": 1676102449.0,
    "vinylcollectors": 1676102563.0,
    "watchexchange": 1676101181.0
}