{
    "funkoppopmod": 1664006609.2157874,
    "funkoswap": 1664006608.8730168
}