{
    "airsoftmarket": 1676273192.0,
    "airsoftmarketcanada": 1676264620.0,
    "appleswap": 1676273913.0,
    "assistance": 1676275143.0,
    "avatartrading": 1675956165.2888532,
    "avexchange": 1676265982.0,
    "borrow": 1676273335.0,
    "canadianhardwareswap": 1676271961.0,
    "care": 1676267320.0,
    "cash4cash": 1676268845.0,
    "charity": 1676268158.0,
    "comicswap": 1676270445.0,
    "digitalcodesell": 1676271091.0,
    "disneypinswap": 1676263300.0,
    "food_pantry": 1676267382.0,
    "forhire": 1676275104.0,
    "funkoppopmod": 1676263299.0,
    "funkoswap": 1676263301.0,
    "gamesale": 1676275402.0,
    "gameswap": 1676274432.0,
    "gametrade": 1676263300.0,
    "garlicmarket": 1676263301.0,
    "gctrading": 1676272964.0,
    "gctrep": 1676273030.0,
    "gcxrep": 1676263299.0,
    "giftcardexchange": 1676275415.0,
    "giftofgames": 1676275408.0,
    "gofundme": 1676274811.0,
    "gunaccessoriesforsale": 1676274801.0,
    "hardwareswapuk": 1676263299.0,
    "hutcoinsales": 1676263301.0,
    "igsrep": 1676263298.0,
    "indiegameswap": 1676270232.0,
    "knife_swap": 1676274017.0,
    "legomarket": 1676270582.0,
    "lolboosting": 1676266403.0,
    "mangaswap": 1676275393.0,
    "mcsplaystation": 1676263301.0,
    "mcsrep": 1676263302.0,
    "mcsxbox": 1676267822.0,
    "mechmarket": 1676275259.0,
    "miniswap": 1676271420.0,
    "mousemarket": 1676275360.0,
    "nba2kmtselling": 1676263301.0,
    "nbarep": 1676263302.0,
    "need": 1676267319.0,
    "overwatchboosting": 1676263300.0,
    "pen_swap": 1676275004.0,
    "photomarket": 1676273367.0,
    "playingcardsmarket": 1676263244.0,
    "pmsforsale": 1676266418.0,
    "random_acts_of_amazon": 1676270401.0,
    "random_acts_of_pizza": 1676271539.0,
    "randomactsofchristmas": 1676263301.0,
    "randomactsofpetfood": 1676267316.0,
    "randomkindness": 1676267318.0,
    "retrogameswap": 1676032387.4305055,
    "rocketleagueexchange": 1676274818.0,
    "sgsflair": 1676263299.0,
    "signupsforpay": 1676273387.0,
    "slavelabour": 1676270973.0,
    "snackexchange": 1676263300.0,
    "starcitizen_trades": 1676263301.0,
    "steamgameswap": 1676271328.0,
    "thinkpadsforsale": 1676263242.0,
    "trade": 1676263301.0,
    "universalscammerlist": 1676271440.0,
    "uvtrade": 1676271090.0,
    "vinylcollectors": 1676275410.0,
    "watchexchange": 1676272347.0
}