{
    "airsoftmarket": 1676188725.0,
    "airsoftmarketcanada": 1676183135.0,
    "appleswap": 1676186676.0,
    "assistance": 1676189015.0,
    "avatartrading": 1675956165.2888532,
    "avexchange": 1676185709.0,
    "borrow": 1676188594.0,
    "canadianhardwareswap": 1676183135.0,
    "care": 1676183137.0,
    "cash4cash": 1676183153.0,
    "charity": 1676183139.0,
    "comicswap": 1676183135.0,
    "digitalcodesell": 1676184724.0,
    "disneypinswap": 1676183577.0,
    "food_pantry": 1676183152.0,
    "forhire": 1676188949.0,
    "funkoppopmod": 1676183136.0,
    "funkoswap": 1676183136.0,
    "gamesale": 1676188706.0,
    "gameswap": 1676186641.0,
    "gametrade": 1676183144.0,
    "garlicmarket": 1676183134.0,
    "gctrading": 1676183135.0,
    "gctrep": 1676183134.0,
    "gcxrep": 1676183191.0,
    "giftcardexchange": 1676187774.0,
    "giftofgames": 1676188448.0,
    "gofundme": 1676188861.0,
    "gunaccessoriesforsale": 1676188865.0,
    "hardwareswapuk": 1676183134.0,
    "hutcoinsales": 1676183135.0,
    "igsrep": 1676183191.0,
    "indiegameswap": 1676183136.0,
    "knife_swap": 1676188359.0,
    "legomarket": 1676183137.0,
    "lolboosting": 1676188692.0,
    "mangaswap": 1676185927.0,
    "mcsplaystation": 1676183137.0,
    "mcsrep": 1676183136.0,
    "mcsxbox": 1676183135.0,
    "mechmarket": 1676188809.0,
    "miniswap": 1676184212.0,
    "mousemarket": 1676186874.0,
    "nba2kmtselling": 1676183137.0,
    "nbarep": 1676183136.0,
    "need": 1676183134.0,
    "overwatchboosting": 1676183135.0,
    "pen_swap": 1676183593.0,
    "photomarket": 1676188928.0,
    "playingcardsmarket": 1676183185.0,
    "pmsforsale": 1676187188.0,
    "random_acts_of_amazon": 1676185290.0,
    "random_acts_of_pizza": 1676188916.0,
    "randomactsofchristmas": 1676183135.0,
    "randomactsofpetfood": 1676183133.0,
    "randomkindness": 1676183135.0,
    "retrogameswap": 1676032387.4305055,
    "rocketleagueexchange": 1676189012.0,
    "sgsflair": 1676183134.0,
    "signupsforpay": 1676186784.0,
    "slavelabour": 1676188851.0,
    "snackexchange": 1676183138.0,
    "starcitizen_trades": 1676186347.0,
    "steamgameswap": 1676184167.0,
    "thinkpadsforsale": 1676183137.0,
    "trade": 1676183141.0,
    "universalscammerlist": 1676183180.0,
    "uvtrade": 1676188851.0,
    "vinylcollectors": 1676188979.0,
    "watchexchange": 1676184988.0
}