{
    "airsoftmarket": 1709748283.0,
    "airsoftmarketcanada": 1709748230.0,
    "appleswap": 1713078805.0,
    "assistance": 1713081790.0,
    "avatartrading": 1713073607.0,
    "avexchange": 1713075839.0,
    "borrow": 1713081452.0,
    "canadianhardwareswap": 1713073607.0,
    "canadianknifeswap": 1713073652.0,
    "care": 1713073622.0,
    "cash4cash": 1713081717.0,
    "charity": 1713073620.0,
    "comicswap": 1713081697.0,
    "digitalcodesell": 1713079390.0,
    "discexchange": 1710432897.0,
    "disneypinswap": 1713074144.0,
    "donedirtcheap": 1713081122.0,
    "edcexchange": 1713073596.0,
    "food_pantry": 1713073622.0,
    "forhire": 1713080480.0,
    "funkoppopmod": 1711740423.0,
    "funkoswap": 1713073628.0,
    "gamesale": 1713081773.0,
    "gameswap": 1713081772.0,
    "gametrade": 1713073600.0,
    "garlicmarket": 1705885027.0,
    "gctrading": 1697857536.0,
    "gctrep": 1699292855.0,
    "gcxrep": 1687145095.0,
    "geartrade": 1713074662.0,
    "giftcardexchange": 1713081655.0,
    "giftofgames": 1713081748.0,
    "gofundme": 1713077375.0,
    "gunaccessoriesforsale": 1713081800.0,
    "hardwareswap": 1713080351.0,
    "hardwareswapuk": 1713073624.0,
    "hireagirlfriend": 1712770871.8639789,
    "hireawriter": 1713073617.0,
    "hockeyjerseys": 1713073627.0,
    "hutcoinsales": 1700590227.0,
    "igsrep": 1711733155.0,
    "indiegameswap": 1713075320.0,
    "knife_swap": 1713079701.0,
    "legomarket": 1713081617.0,
    "lolboosting": 1713081843.0,
    "mangaswap": 1713081693.0,
    "mcsplaystation": 1687271681.0,
    "mcsrep": 1687271681.0,
    "mcsxbox": 1687272519.0,
    "mechmarket": 1713081609.0,
    "miniswap": 1713073653.0,
    "mousemarket": 1713081695.0,
    "nba2kmtselling": 1700590185.0,
    "nbarep": 1700590190.0,
    "need": 1713073655.0,
    "overwatchboosting": 1713073598.0,
    "pen_swap": 1713080136.0,
    "phoneverification": 1712774255.8550124,
    "photomarket": 1713079388.0,
    "playingcardsmarket": 1713073647.0,
    "pmsforsale": 1713073599.0,
    "random_acts_of_amazon": 1713073605.0,
    "random_acts_of_pizza": 1713080500.0,
    "randomactsofchristmas": 1713073620.0,
    "randomactsofpetfood": 1713073616.0,
    "randomactsoftacobell": 1713073619.0,
    "randomkindness": 1713073645.0,
    "referral": 1712774445.7254045,
    "retrogameswap": 1713073594.0,
    "rocketleagueexchange": 1703789740.0,
    "sgsflair": 1711733194.0,
    "shave_bazaar": 1713073641.0,
    "signupsforpay": 1713081336.0,
    "slavelabour": 1713081082.0,
    "snackexchange": 1713078645.0,
    "starcitizen_trades": 1713076480.0,
    "steamgameswap": 1713079053.0,
    "thinkpadsforsale": 1713073608.0,
    "trade": 1686162219.0,
    "ulgeartrade": 1713073596.0,
    "universalscammerlist": 1713073654.0,
    "uvtrade": 1713079389.0,
    "vinylcollectors": 1713081771.0,
    "watchexchange": 1713080888.0,
    "watchexchangecanada": 1713079464.0,
    "ygomarketplace": 1710233300.0
}