{
    "airsoftmarket": 1709748283.0,
    "airsoftmarketcanada": 1709748230.0,
    "appleswap": 1712905440.0,
    "assistance": 1712907994.0,
    "avatartrading": 1712905431.0,
    "avexchange": 1712907756.0,
    "borrow": 1712908965.0,
    "canadianhardwareswap": 1712905406.0,
    "canadianknifeswap": 1712905437.0,
    "care": 1712908900.0,
    "cash4cash": 1712905405.0,
    "charity": 1712908889.0,
    "comicswap": 1712908883.0,
    "digitalcodesell": 1712908748.0,
    "discexchange": 1710432897.0,
    "disneypinswap": 1712905397.0,
    "donedirtcheap": 1712688056.0566072,
    "edcexchange": 1712905419.0,
    "food_pantry": 1712908882.0,
    "forhire": 1712908815.0,
    "funkoppopmod": 1711740423.0,
    "funkoswap": 1712905456.0,
    "gamesale": 1712908756.0,
    "gameswap": 1712907953.0,
    "gametrade": 1712905418.0,
    "garlicmarket": 1705885027.0,
    "gctrading": 1697857536.0,
    "gctrep": 1699292855.0,
    "gcxrep": 1687145095.0,
    "geartrade": 1712908890.0,
    "giftcardexchange": 1712905975.0,
    "giftofgames": 1712908906.0,
    "gofundme": 1712908856.0,
    "gunaccessoriesforsale": 1712908974.0,
    "hardwareswap": 1712907845.0,
    "hardwareswapuk": 1712905438.0,
    "hireagirlfriend": 1712770871.8639789,
    "hireawriter": 1712908855.0,
    "hockeyjerseys": 1712906281.0,
    "hutcoinsales": 1700590227.0,
    "igsrep": 1711733155.0,
    "indiegameswap": 1712905395.0,
    "knife_swap": 1712908787.0,
    "legomarket": 1712905408.0,
    "lolboosting": 1712908950.0,
    "mangaswap": 1712908897.0,
    "mcsplaystation": 1687271681.0,
    "mcsrep": 1687271681.0,
    "mcsxbox": 1687272519.0,
    "mechmarket": 1712908809.0,
    "miniswap": 1712908557.0,
    "mousemarket": 1712908878.0,
    "nba2kmtselling": 1700590185.0,
    "nbarep": 1700590190.0,
    "need": 1712908849.0,
    "overwatchboosting": 1712905419.0,
    "pen_swap": 1712905398.0,
    "phoneverification": 1712774255.8550124,
    "photomarket": 1712908888.0,
    "playingcardsmarket": 1712905391.0,
    "pmsforsale": 1712908421.0,
    "random_acts_of_amazon": 1712905404.0,
    "random_acts_of_pizza": 1712908849.0,
    "randomactsofchristmas": 1712905431.0,
    "randomactsofpetfood": 1712908866.0,
    "randomactsoftacobell": 1712905442.0,
    "randomkindness": 1712908858.0,
    "referral": 1712774445.7254045,
    "retrogameswap": 1712905397.0,
    "rocketleagueexchange": 1703789740.0,
    "sgsflair": 1711733194.0,
    "shave_bazaar": 1712905402.0,
    "signupsforpay": 1712905431.0,
    "slavelabour": 1712908265.0,
    "snackexchange": 1712905462.0,
    "starcitizen_trades": 1712905444.0,
    "steamgameswap": 1712905424.0,
    "thinkpadsforsale": 1712905469.0,
    "trade": 1686162219.0,
    "ulgeartrade": 1712905430.0,
    "universalscammerlist": 1712908928.0,
    "uvtrade": 1712908747.0,
    "vinylcollectors": 1712908904.0,
    "watchexchange": 1712905809.0,
    "watchexchangecanada": 1712905406.0,
    "ygomarketplace": 1710233300.0
}