{
    "funkoppopmod": 1663984664.2637346,
    "funkoswap": 1663984641.9681368
}