{
    "airsoftmarket": 1709748283.0,
    "airsoftmarketcanada": 1709748230.0,
    "appleswap": 1712818531.0,
    "assistance": 1712821987.0,
    "avatartrading": 1712821565.0,
    "avexchange": 1712818652.0,
    "borrow": 1712822324.0,
    "canadianhardwareswap": 1712821922.0,
    "canadianknifeswap": 1712805784.0,
    "care": 1712819983.0,
    "cash4cash": 1712811668.0,
    "charity": 1712822446.0,
    "comicswap": 1712822483.0,
    "digitalcodesell": 1712815493.0,
    "discexchange": 1710432897.0,
    "disneypinswap": 1712815401.0,
    "donedirtcheap": 1712688056.0566072,
    "edcexchange": 1712801701.0,
    "food_pantry": 1712820032.0,
    "forhire": 1712822119.0,
    "funkoppopmod": 1711740423.0,
    "funkoswap": 1712805059.0,
    "gamesale": 1712822589.0,
    "gameswap": 1712822588.0,
    "gametrade": 1712801695.0,
    "garlicmarket": 1705885027.0,
    "gctrading": 1697857536.0,
    "gctrep": 1699292855.0,
    "gcxrep": 1687145095.0,
    "geartrade": 1712820760.0,
    "giftcardexchange": 1712822475.0,
    "giftofgames": 1712822594.0,
    "gofundme": 1712822006.0,
    "gunaccessoriesforsale": 1712822492.0,
    "hardwareswap": 1712821711.0,
    "hardwareswapuk": 1712801733.0,
    "hireagirlfriend": 1712770871.8639789,
    "hireawriter": 1712822481.0,
    "hockeyjerseys": 1712821970.0,
    "hutcoinsales": 1700590227.0,
    "igsrep": 1711733155.0,
    "indiegameswap": 1712801702.0,
    "knife_swap": 1712821321.0,
    "legomarket": 1712822461.0,
    "lolboosting": 1712822626.0,
    "mangaswap": 1712822529.0,
    "mcsplaystation": 1687271681.0,
    "mcsrep": 1687271681.0,
    "mcsxbox": 1687272519.0,
    "mechmarket": 1712822409.0,
    "miniswap": 1712821309.0,
    "mousemarket": 1712820570.0,
    "nba2kmtselling": 1700590185.0,
    "nbarep": 1700590190.0,
    "need": 1712820044.0,
    "overwatchboosting": 1712804986.0,
    "pen_swap": 1712814004.0,
    "phoneverification": 1712774255.8550124,
    "photomarket": 1712817716.0,
    "playingcardsmarket": 1712814744.0,
    "pmsforsale": 1712815742.0,
    "random_acts_of_amazon": 1712817974.0,
    "random_acts_of_pizza": 1712820032.0,
    "randomactsofchristmas": 1712801722.0,
    "randomactsofpetfood": 1712819988.0,
    "randomactsoftacobell": 1712820722.0,
    "randomkindness": 1712819993.0,
    "referral": 1712774445.7254045,
    "retrogameswap": 1712801682.0,
    "rocketleagueexchange": 1703789740.0,
    "sgsflair": 1711733194.0,
    "shave_bazaar": 1712801697.0,
    "signupsforpay": 1712813845.0,
    "slavelabour": 1712822607.0,
    "snackexchange": 1712804707.0,
    "starcitizen_trades": 1712821208.0,
    "steamgameswap": 1712804900.0,
    "thinkpadsforsale": 1712821030.0,
    "trade": 1686162219.0,
    "ulgeartrade": 1712811634.0,
    "universalscammerlist": 1712820034.0,
    "uvtrade": 1712815492.0,
    "vinylcollectors": 1712822587.0,
    "watchexchange": 1712822649.0,
    "watchexchangecanada": 1712817210.0,
    "ygomarketplace": 1710233300.0
}